location_id,state,district,latitude,longitude
L00001,Andhra Pradesh,Anantapur,14.6783221,77.6065039
L00002,Andhra Pradesh,Chittoor,13.325036,79.6480611
L00003,Andhra Pradesh,East Godavari,16.9956639,81.7154378
L00004,Andhra Pradesh,Guntur,16.2915189,80.4541588
L00005,Andhra Pradesh,Krishna,16.2135466,81.0277844
L00006,Andhra Pradesh,Kurnool,15.8309251,78.0425373
L00007,Andhra Pradesh,Nellore,14.4493717,79.9873763
L00008,Andhra Pradesh,Prakasam,15.5641955,80.0066786
L00009,Andhra Pradesh,Srikakulam,18.2949307,83.8938844
L00010,Andhra Pradesh,Visakhapatnam,17.6935526,83.2921297
L00011,Andhra Pradesh,Vizianagaram,18.1141255,83.4114389
L00012,Andhra Pradesh,West Godavari,16.6443029,81.5885247
L00013,Andhra Pradesh,YSR Kadapa,14.5395752,78.6582332
L00014,Arunachal Pradesh,Tawang,27.5879186,91.863733
L00015,Arunachal Pradesh,West Kameng,27.2986936,92.4741211
L00016,Arunachal Pradesh,East Kameng,27.557781,93.0753012
L00017,Arunachal Pradesh,Papum Pare,27.2863667,93.6187716
L00018,Arunachal Pradesh,Kurung Kumey,27.9863677,93.1578347
L00019,Arunachal Pradesh,Kra Daadi,27.9635418,93.7665654
L00020,Arunachal Pradesh,Lower Subansiri,27.6059753,93.8669707
L00021,Arunachal Pradesh,Upper Subansiri,28.2596054,94.0938106
L00022,Arunachal Pradesh,West Siang,28.1970922,94.48407
L00023,Arunachal Pradesh,East Siang,28.0742219,95.4178149
L00024,Arunachal Pradesh,Siang,28.477492,94.8165573
L00025,Arunachal Pradesh,Upper Siang,28.7312046,95.0377315
L00026,Arunachal Pradesh,Lower Siang,27.8006983,94.5650233
L00027,Arunachal Pradesh,Lower Dibang Valley,28.2149563,95.878774
L00028,Arunachal Pradesh,Dibang Valley,28.8291044,95.9554096
L00029,Arunachal Pradesh,Anjaw,28.1553856,96.8407212
L00030,Arunachal Pradesh,Lohit,28.0350162,96.1713515
L00031,Arunachal Pradesh,Namsai,27.7140306,96.0159709
L00032,Arunachal Pradesh,Changlang,27.2698797,96.0602442
L00033,Arunachal Pradesh,Tirap,27.030169,95.4979175
L00034,Arunachal Pradesh,Longding,26.8794546,95.3155652
L00035,Assam,Baksa,26.6275689,91.3388551
L00036,Assam,Barpeta,26.345941,91.039708
L00037,Assam,Biswanath,26.7938596,93.3591936
L00038,Assam,Bongaigaon,26.4800126,90.5580387
L00039,Assam,Cachar,24.75864,92.8816648
L00040,Assam,Charaideo,27.0696859,95.0642272
L00041,Assam,Chirang,26.6464231,90.624157
L00042,Assam,Darrang,26.4373481,92.0047145
L00043,Assam,Dhemaji,27.5945155,94.7192098
L00044,Assam,Dhubri,26.132275,90.1249962
L00045,Assam,Dibrugarh,27.4844597,94.9019447
L00046,Assam,Goalpara,26.0491877,90.6001859
L00047,Assam,Golaghat,26.5108262,93.9743686
L00048,Assam,Hailakandi,24.6846916,92.5645836
L00049,Assam,Hojai,25.9629402,92.981829
L00050,Assam,Jorhat,26.7577925,94.2079645
L00051,Assam,Kamrup Metropolitan,26.1352638,91.8616706
L00052,Assam,Kamrup,26.1468861,91.2227397
L00053,Assam,Karbi Anglong,26.0712781,93.4552969
L00054,Assam,Karimganj,24.5828196,92.3725487
L00055,Assam,Kokrajhar,26.4912104,90.1215209
L00056,Assam,Lakhimpur,27.1763356,94.1992932
L00057,Assam,Majuli,27.0219529,94.327423
L00058,Assam,Morigaon,26.2545556,92.3572669
L00059,Assam,Nagaon,26.3313646,92.7524763
L00060,Assam,Nalbari,26.3533632,91.3983662
L00061,Assam,Dima Hasao,25.4003625,93.0752292
L00062,Assam,Sivasagar,26.9834936,94.6394226
L00063,Assam,Sonitpur,26.7677707,92.7014089
L00064,Assam,South Salmara-Mankachar,25.7604472,89.8928061
L00065,Assam,Tinsukia,27.4879722,95.3601855
L00066,Assam,Udalguri,26.7047238,92.0421507
L00067,Assam,West Karbi Anglong,25.8529142,92.5875681
L00068,Bihar,Araria,26.1346459,87.4654062
L00069,Bihar,Arwal,25.1812832,84.6596648
L00070,Bihar,Aurangabad,24.8033201,84.4110198
L00071,Bihar,Banka,24.8328273,86.8161114
L00072,Bihar,Begusarai,25.5125411,86.0883392
L00073,Bihar,Bhagalpur,25.2861354,87.1304229
L00074,Bihar,Bhojpur,25.4501182,84.5635193
L00075,Bihar,Buxar,25.5044834,84.1097525
L00076,Bihar,Darbhanga,26.0829899,86.0324951
L00077,Bihar,East Champaran (Motihari),26.6147108,84.9144431
L00078,Bihar,Gaya,24.7964355,85.0079563
L00079,Bihar,Gopalganj,26.4211166,84.3739133
L00080,Bihar,Jamui,24.7562514,86.3011128
L00081,Bihar,Jehanabad,25.1529579,85.0065043
L00082,Bihar,Kaimur (Bhabua),25.0398678,83.6085775
L00083,Bihar,Katihar,25.5586421,87.6457196
L00084,Bihar,Khagaria,25.4930513,86.6982264
L00085,Bihar,Kishanganj,26.2984144,87.9466715
L00086,Bihar,Lakhisarai,25.1543938,86.1744959
L00087,Bihar,Madhepura,25.7806118,86.9364753
L00088,Bihar,Madhubani,26.3503076,86.2296424
L00089,Bihar,Munger (Monghyr),25.3173356,86.4920702
L00090,Bihar,Muzaffarpur,26.1482548,85.3316097
L00091,Bihar,Nalanda,25.1364914,85.4436546
L00092,Bihar,Nawada,24.8173249,85.5179085
L00093,Bihar,Patna,25.6093239,85.1235252
L00094,Bihar,Purnia (Purnea),25.7773601,87.4731227
L00095,Bihar,Rohtas,24.9394143,84.0197031
L00096,Bihar,Saharsa,25.8330757,86.6143751
L00097,Bihar,Samastipur,25.7747885,85.8672314
L00098,Bihar,Saran,25.9214451,84.7759731
L00099,Bihar,Sheikhpura,25.1250741,85.8160771
L00100,Bihar,Sheohar,26.4934234,85.2717561
L00101,Bihar,Sitamarhi,26.5942841,85.500428
L00102,Bihar,Siwan,26.131008,84.3910745
L00103,Bihar,Supaul,26.2768089,86.7959614
L00104,Bihar,Vaishali,25.7491703,85.3972164
L00105,Bihar,West Champaran,27.0518367,84.3351209
L00107,Chhattisgarh,Balod,20.7277192,81.1446948
L00108,Chhattisgarh,Baloda Bazar,21.5731848,82.2994821
L00109,Chhattisgarh,Balrampur,23.6282576,83.4810916
L00110,Chhattisgarh,Bastar,19.1191283,81.8291865
L00111,Chhattisgarh,Bemetara,21.6783867,81.4412578
L00112,Chhattisgarh,Bijapur,18.7935679,80.815939
L00113,Chhattisgarh,Bilaspur,22.1638486,82.1365923
L00115,Chhattisgarh,Dhamtari,20.5326259,81.7155987
L00116,Chhattisgarh,Durg,21.1982964,81.4007922
L00117,Chhattisgarh,Gariyaband,20.5267561,82.1917217
L00118,Chhattisgarh,Janjgir-Champa,21.986403,82.5536606
L00119,Chhattisgarh,Jashpur,22.770251,83.9708013
L00120,Chhattisgarh,Kabirdham (Kawardha),22.0018135,81.2432143
L00122,Chhattisgarh,Kondagaon,19.5885769,81.6628742
L00123,Chhattisgarh,Korba,22.5198217,82.6350029
L00124,Chhattisgarh,Korea (Koriya),23.2601126,82.5646492
L00125,Chhattisgarh,Mahasamund,21.1922846,82.4890263
L00126,Chhattisgarh,Mungeli,22.0661098,81.6874282
L00127,Chhattisgarh,Narayanpur,19.5842032,81.1136986
L00128,Chhattisgarh,Raigarh,22.2361795,83.3529534
L00129,Chhattisgarh,Raipur,21.2380912,81.6336993
L00130,Chhattisgarh,Rajnandgaon,21.0684425,80.7970779
L00131,Chhattisgarh,Sukma,18.2665423,81.2925234
L00132,Chhattisgarh,Surajpur,23.3577769,82.9761277
L00133,Chhattisgarh,Surguja,22.9470108,83.1656868
L00148,Goa,North Goa,15.6038925,73.9967006
L00149,Goa,South Goa,15.3376121,73.9937035
L00150,Gujarat,Ahmedabad,23.0215374,72.5800568
L00151,Gujarat,Amreli,21.4176122,71.249609
L00152,Gujarat,Anand,22.4739858,72.7361779
L00153,Gujarat,Aravalli,23.4843216,73.3986096
L00154,Gujarat,Banaskantha (Palanpur),24.1857391,72.4346959
L00155,Gujarat,Bharuch,21.7080427,72.9956936
L00156,Gujarat,Bhavnagar,21.7718836,72.1416449
L00157,Gujarat,Botad,22.0467097,71.6689617
L00158,Gujarat,Chhota Udepur,22.3148736,74.0141067
L00159,Gujarat,Dahod,22.9194099,74.1342725
L00161,Gujarat,Devbhoomi Dwarka,22.2360155,68.9658698
L00162,Gujarat,Gandhinagar,23.2232877,72.6492267
L00163,Gujarat,Gir Somnath,20.9298181,70.7627578
L00164,Gujarat,Jamnagar,22.4732415,70.0552102
L00165,Gujarat,Junagadh,21.5220416,70.4582458
L00166,Gujarat,Kachchh,23.583333,70.0
L00167,Gujarat,Kheda (Nadiad),22.6942577,72.8590972
L00168,Gujarat,Mahisagar,23.1912194,73.6644398
L00169,Gujarat,Mehsana,23.6012628,72.3741516
L00170,Gujarat,Morbi,22.8003959,70.886232
L00171,Gujarat,Narmada (Rajpipla),21.8438782,73.5273555
L00172,Gujarat,Navsari,20.952407,72.9323831
L00173,Gujarat,Panchmahal (Godhra),22.7735254,73.6264873
L00174,Gujarat,Patan,23.773753,71.6798581
L00175,Gujarat,Porbandar,21.6505229,69.6565371
L00176,Gujarat,Rajkot,22.3053263,70.8028377
L00177,Gujarat,Sabarkantha (Himmatnagar),23.5949104,72.9605997
L00178,Gujarat,Surat,21.2094892,72.8317058
L00179,Gujarat,Surendranagar,22.8251395,71.6209736
L00180,Gujarat,Tapi (Vyara),21.1093967,73.3894175
L00181,Gujarat,Vadodara,22.2973142,73.1942567
L00182,Gujarat,Valsad,20.4321957,73.1409893
L00183,Haryana,Ambala,30.3843674,76.770421
L00184,Haryana,Bhiwani,28.7931703,76.1391283
L00185,Haryana,Charkhi Dadri,28.6000997,76.1123707
L00186,Haryana,Faridabad,28.4031478,77.3105561
L00187,Haryana,Fatehabad,29.5359209,75.5752901
L00188,Haryana,Gurgaon,28.4646148,77.0299194
L00189,Haryana,Hisar,29.2396596,75.8174505
L00190,Haryana,Jhajjar,28.5964461,76.6505366
L00191,Haryana,Jind,29.3152073,76.314082
L00192,Haryana,Kaithal,29.7996588,76.3989903
L00193,Haryana,Karnal,29.7255766,76.9106924
L00194,Haryana,Kurukshetra,29.9693747,76.8482787
L00195,Haryana,Mahendragarh,28.1326971,76.1697448
L00196,Haryana,Mewat,27.9935177,77.0419634
L00197,Haryana,Palwal,28.0599426,77.3223422
L00198,Haryana,Panchkula,30.6975401,76.8551066
L00199,Haryana,Panipat,29.3912753,76.9771675
L00200,Haryana,Rewari,28.1956468,76.6165179
L00201,Haryana,Rohtak,28.9010899,76.5801935
L00202,Haryana,Sirsa,29.6063041,74.9036568
L00203,Haryana,Sonipat,28.9953758,77.0233627
L00204,Haryana,Yamunanagar,30.1231349,77.286329
L00205,Himachal Pradesh,Bilaspur,31.3380959,76.7611631
L00206,Himachal Pradesh,Chamba,32.6923316,76.1631552
L00207,Himachal Pradesh,Hamirpur,31.6539866,76.5403633
L00208,Himachal Pradesh,Kangra,32.0768665,76.2985872
L00209,Himachal Pradesh,Kinnaur,31.593013,78.3281417
L00210,Himachal Pradesh,Kullu,31.9578974,77.1089232
L00212,Himachal Pradesh,Mandi,31.6516617,77.0092542
L00213,Himachal Pradesh,Shimla,31.1040393,77.1707923
L00214,Himachal Pradesh,Sirmaur (Sirmour),30.4915276,77.4694906
L00215,Himachal Pradesh,Solan,30.9077569,77.1023645
L00216,Himachal Pradesh,Una,31.5834642,76.2351452
L00217,Jammu and Kashmir,Anantnag,33.74611,75.1854475
L00218,Jammu and Kashmir,Bandipore,34.4563234,74.6825
L00219,Jammu and Kashmir,Baramulla,34.2086903,74.343498
L00220,Jammu and Kashmir,Budgam,33.9098746,74.6270357
L00221,Jammu and Kashmir,Doda,33.1341373,75.587915
L00222,Jammu and Kashmir,Ganderbal,34.2889322,75.0407983
L00223,Jammu and Kashmir,Jammu,32.7185614,74.8580917
L00224,Jammu and Kashmir,Kargil,32.7045476,74.871206
L00225,Jammu and Kashmir,Kathua,32.3765524,75.5243044
L00226,Jammu and Kashmir,Kishtwar,33.61562,75.8793972
L00227,Jammu and Kashmir,Kulgam,33.6446899,75.0188432
L00228,Jammu and Kashmir,Kupwara,34.5140696,74.191367
L00229,Jammu and Kashmir,Leh,34.1664372,74.808529
L00230,Jammu and Kashmir,Poonch,33.7670004,74.0957143
L00231,Jammu and Kashmir,Pulwama,33.9490472,75.0418335
L00232,Jammu and Kashmir,Rajouri,33.3772495,74.3132332
L00233,Jammu and Kashmir,Ramban,33.2116371,75.2050989
L00234,Jammu and Kashmir,Reasi,33.0691032,74.8378698
L00235,Jammu and Kashmir,Samba,32.5759118,75.1203446
L00236,Jammu and Kashmir,Shopian,33.718807,74.8333311
L00237,Jammu and Kashmir,Srinagar,34.0747444,74.8204443
L00238,Jammu and Kashmir,Udhampur,32.9219726,75.1331482
L00239,Jharkhand,Bokaro,23.6991279,85.9910689
L00240,Jharkhand,Chatra,24.1062316,84.8623379
L00241,Jharkhand,Deoghar,24.4898318,86.6990182
L00242,Jharkhand,Dhanbad,23.7952809,86.4309638
L00243,Jharkhand,Dumka,24.2677937,87.2485495
L00244,Jharkhand,East Singhbhum,22.613184,86.3819399
L00245,Jharkhand,Garhwa,24.053577,83.6526818
L00246,Jharkhand,Giridih,24.3314546,86.1548117
L00247,Jharkhand,Godda,24.8645886,87.2984838
L00248,Jharkhand,Gumla,23.1603759,84.4599565
L00249,Jharkhand,Hazaribag,23.9924352,85.3616252
L00250,Jharkhand,Jamtara,23.9801639,86.9243637
L00251,Jharkhand,Khunti,22.9281801,85.2814475
L00252,Jharkhand,Koderma,24.4931239,85.5560811
L00253,Jharkhand,Latehar,23.6880057,84.4969551
L00254,Jharkhand,Lohardaga,23.4770044,84.6986684
L00255,Jharkhand,Pakur,24.5325908,87.593232
L00256,Jharkhand,Palamu,24.2212983,84.1725565
L00257,Jharkhand,Ramgarh,23.693479,85.5215989
L00258,Jharkhand,Ranchi,23.3700501,85.3250387
L00259,Jharkhand,Sahibganj,25.0320437,87.691764
L00260,Jharkhand,Seraikela-Kharsawan,22.8232012,85.919732
L00261,Jharkhand,Simdega,22.5904573,84.5464805
L00262,Jharkhand,West Singhbhum,22.4282857,85.5317483
L00263,Karnataka,Bagalkot,16.1793224,75.6999315
L00264,Karnataka,Ballari (Bellary),15.15362,76.896795
L00265,Karnataka,Belagavi (Belgaum),15.8783955,74.5240526
L00266,Karnataka,Bengaluru (Bangalore) Rural,13.1149134,77.3825603
L00267,Karnataka,Bengaluru (Bangalore) Urban,13.0222347,77.5671832
L00268,Karnataka,Bidar,18.0207297,77.2487204
L00269,Karnataka,Chamarajanagar,11.9544201,77.1069086
L00270,Karnataka,Chikballapur,13.4274405,77.7321433
L00271,Karnataka,Chikkamagaluru (Chikmagalur),13.3245255,75.7722995
L00272,Karnataka,Chitradurga,14.3049174,76.5296667
L00273,Karnataka,Dakshina Kannada,12.8226434,75.2265036
L00274,Karnataka,Davangere,14.4661266,75.9206361
L00275,Karnataka,Dharwad,15.3707296,75.1332867
L00276,Karnataka,Gadag,15.416692,75.6815801
L00277,Karnataka,Hassan,13.0301852,76.1744968
L00278,Karnataka,Haveri,14.7180268,75.3656423
L00279,Karnataka,Kalaburagi (Gulbarga),17.3540933,76.8183918
L00280,Karnataka,Kodagu,12.3827332,75.6640715
L00281,Karnataka,Kolar,13.1805066,78.2669329
L00282,Karnataka,Koppal,15.5748238,76.3118494
L00283,Karnataka,Mandya,12.6368939,76.7275477
L00284,Karnataka,Mysuru (Mysore),12.3019645,76.6223561
L00285,Karnataka,Raichur,16.0547194,76.9003647
L00286,Karnataka,Ramanagara,12.720006,77.3184199
L00287,Karnataka,Shivamogga (Shimoga),13.9280863,75.577233
L00288,Karnataka,Tumakuru (Tumkur),13.3453365,77.1024232
L00289,Karnataka,Udupi,13.5269784,74.8731879
L00290,Karnataka,Uttara Kannada (Karwar),14.8633129,74.4337447
L00291,Karnataka,Vijayapura (Bijapur),16.8277513,75.7271209
L00292,Karnataka,Yadgir,16.5744123,76.9254434
L00293,Kerala,Alappuzha,9.5003416,76.4123364
L00294,Kerala,Ernakulam,9.9837257,76.2740001
L00295,Kerala,Idukki,9.8154785,76.9991599
L00296,Kerala,Kannur,11.8763836,75.3737973
L00297,Kerala,Kasaragod,12.4221964,75.1904446
L00298,Kerala,Kollam,8.8870533,76.5906696
L00299,Kerala,Kottayam,9.6287383,76.6455326
L00300,Kerala,Kozhikode,11.2450558,75.7754716
L00301,Kerala,Malappuram,11.1065685,76.1101742
L00302,Kerala,Palakkad,10.7873692,76.4742172
L00303,Kerala,Pathanamthitta,9.2780841,76.9737443
L00304,Kerala,Thiruvananthapuram,8.4882267,76.947551
L00305,Kerala,Thrissur,10.5270099,76.214621
L00306,Kerala,Wayanad,11.7151291,76.1271185
L00317,Madhya Pradesh,Agar Malwa,23.935092,76.1449595
L00318,Madhya Pradesh,Alirajpur,22.2859525,74.3545628
L00319,Madhya Pradesh,Anuppur,23.0346179,81.7510255
L00320,Madhya Pradesh,Ashoknagar,24.6186095,77.8786983
L00321,Madhya Pradesh,Balaghat,21.8611589,80.3237105
L00322,Madhya Pradesh,Barwani,21.7514248,74.8915957
L00323,Madhya Pradesh,Betul,21.8797472,77.8753651
L00324,Madhya Pradesh,Bhind,26.3518828,78.6863189
L00325,Madhya Pradesh,Bhopal,23.2584857,77.401989
L00326,Madhya Pradesh,Burhanpur,21.334867,76.3708803
L00327,Madhya Pradesh,Chhatarpur,24.7606089,79.6781776
L00328,Madhya Pradesh,Chhindwara,22.2071897,78.798833
L00329,Madhya Pradesh,Damoh,23.7981005,79.5419356
L00330,Madhya Pradesh,Datia,25.9182947,78.6644962
L00331,Madhya Pradesh,Dewas,22.8057498,76.2940408
L00332,Madhya Pradesh,Dhar,22.5786572,75.2258637
L00333,Madhya Pradesh,Dindori,22.9070871,80.8846924
L00334,Madhya Pradesh,Guna,24.5001772,77.2600959
L00335,Madhya Pradesh,Gwalior,26.2037247,78.1573628
L00336,Madhya Pradesh,Harda,22.2427973,77.1179173
L00337,Madhya Pradesh,Hoshangabad,22.7545538,77.7198249
L00338,Madhya Pradesh,Indore,22.7203616,75.8681996
L00339,Madhya Pradesh,Jabalpur,23.1701522,79.9324505
L00340,Madhya Pradesh,Jhabua,22.8869652,74.7243249
L00341,Madhya Pradesh,Katni,23.7176393,80.2610181
L00342,Madhya Pradesh,Khandwa,21.9769779,76.5675344
L00343,Madhya Pradesh,Khargone,21.9544729,75.7521248
L00344,Madhya Pradesh,Mandla,22.6871074,80.5816341
L00345,Madhya Pradesh,Mandsaur,24.2628148,75.385692
L00346,Madhya Pradesh,Morena,26.3849794,77.8612721
L00347,Madhya Pradesh,Narsinghpur,22.934556,79.0867849
L00348,Madhya Pradesh,Neemuch,24.6305517,75.1829
L00349,Madhya Pradesh,Panna,24.4498931,80.1462723
L00350,Madhya Pradesh,Raisen,23.2675909,78.1727134
L00351,Madhya Pradesh,Rajgarh,23.8716707,76.7744703
L00352,Madhya Pradesh,Ratlam,23.50222,74.9551534
L00353,Madhya Pradesh,Rewa,24.7560846,81.3810574
L00354,Madhya Pradesh,Sagar,23.8083076,78.758254
L00355,Madhya Pradesh,Satna,24.6954445,80.7770348
L00356,Madhya Pradesh,Sehore,23.1150041,77.0665356
L00357,Madhya Pradesh,Seoni,22.2748109,79.7202522
L00358,Madhya Pradesh,Shahdol,23.3002343,81.364771
L00359,Madhya Pradesh,Shajapur,23.4171002,76.6074794
L00360,Madhya Pradesh,Sheopur,25.7499267,76.9212945
L00361,Madhya Pradesh,Shivpuri,25.3741215,77.8278866
L00362,Madhya Pradesh,Sidhi,24.2112687,81.7000415
L00363,Madhya Pradesh,Singrauli,24.2431343,82.3827672
L00364,Madhya Pradesh,Tikamgarh,24.8552105,79.0472546
L00365,Madhya Pradesh,Ujjain,23.1885131,75.7716562
L00366,Madhya Pradesh,Umaria,23.6431837,80.9419078
L00367,Madhya Pradesh,Vidisha,23.8463004,77.8370209
L00368,Maharashtra,Ahmednagar,19.092952,74.7493451
L00369,Maharashtra,Akola,20.7618122,77.1921157
L00370,Maharashtra,Amravati,21.1545412,77.6442962
L00371,Maharashtra,Aurangabad,19.877263,75.3390241
L00372,Maharashtra,Beed,18.9918442,75.909784
L00373,Maharashtra,Bhandara,21.1225869,79.794509
L00374,Maharashtra,Buldhana,20.562845,76.4086986
L00375,Maharashtra,Chandrapur,20.0967555,79.5045475
L00376,Maharashtra,Dhule,21.1305215,74.4900614
L00377,Maharashtra,Gadchiroli,19.7590704,80.1622807
L00378,Maharashtra,Gondia,21.455228,80.1962729
L00379,Maharashtra,Hingoli,19.5431163,77.1739432
L00380,Maharashtra,Jalgaon,20.8428827,75.5261246
L00381,Maharashtra,Jalna,19.918833,75.8708599
L00382,Maharashtra,Kolhapur,16.7028412,74.2405329
L00383,Maharashtra,Latur,18.3553347,76.7548997
L00384,Maharashtra,Mumbai City,19.054999,72.8692035
L00385,Maharashtra,Mumbai Suburban,19.1309844,72.8894618
L00386,Maharashtra,Nagpur,21.1498134,79.0820556
L00387,Maharashtra,Nanded,19.0942729,77.4832628
L00388,Maharashtra,Nandurbar,21.5141622,74.5405513
L00389,Maharashtra,Nashik,20.0112475,73.7902364
L00390,Maharashtra,Osmanabad,18.2822454,76.0588166
L00391,Maharashtra,Palghar,19.757249,73.0931199
L00392,Maharashtra,Parbhani,19.2901981,76.6026443
L00393,Maharashtra,Pune,18.5213738,73.8545071
L00394,Maharashtra,Raigad,18.4928092,73.138071
L00395,Maharashtra,Ratnagiri,17.2826079,73.4569787
L00396,Maharashtra,Sangli,17.1726928,74.5867654
L00397,Maharashtra,Satara,17.6361289,74.2982781
L00398,Maharashtra,Sindhudurg,16.1357193,73.6522086
L00399,Maharashtra,Solapur,17.8499067,75.2763203
L00400,Maharashtra,Thane,19.3653598,73.3685437
L00401,Maharashtra,Wardha,20.8256231,78.6131455
L00402,Maharashtra,Washim,20.2874178,77.2369655
L00403,Maharashtra,Yavatmal,20.0638677,78.3565663
L00404,Manipur,Bishnupur,24.6267287,93.7600454
L00405,Manipur,Chandel,24.3312009,94.0011081
L00406,Manipur,Churachandpur,24.3468839,93.6994143
L00407,Manipur,Imphal East,24.8326698,94.0168859
L00408,Manipur,Imphal West,24.7590802,93.8617365
L00409,Manipur,Jiribam,24.8023996,93.1165145
L00410,Manipur,Kakching,24.4974827,93.9835543
L00411,Manipur,Kamjong,24.8559107,94.5119827
L00412,Manipur,Kangpokpi,25.1527725,93.9713691
L00413,Manipur,Noney,24.8591099,93.6325027
L00414,Manipur,Pherzawl,24.2595653,93.1906004
L00415,Manipur,Senapati,25.3933697,94.1501773
L00416,Manipur,Tamenglong,24.9858596,93.5039967
L00417,Manipur,Tengnoupal,24.3626155,94.2594997
L00418,Manipur,Thoubal,24.6386954,93.996871
L00419,Manipur,Ukhrul,25.0978641,94.3610713
L00420,Meghalaya,East Garo Hills,25.6184946,90.6342162
L00421,Meghalaya,East Jaintia Hills,25.2515761,92.4840501
L00422,Meghalaya,East Khasi Hills,25.4023736,91.8317178
L00423,Meghalaya,North Garo Hills,25.8619841,90.7017705
L00424,Meghalaya,Ri Bhoi,25.8764026,91.8567574
L00425,Meghalaya,South Garo Hills,25.347969,90.5657773
L00426,Meghalaya,South West Garo Hills,25.444631,89.9969655
L00427,Meghalaya,South West Khasi Hills,25.3307221,91.3217388
L00428,Meghalaya,West Garo Hills,25.6065343,90.2038335
L00429,Meghalaya,West Jaintia Hills,25.4425965,92.2988275
L00430,Meghalaya,West Khasi Hills,25.5814429,91.0851094
L00431,Mizoram,Aizawl,23.7277631,92.7179947
L00432,Mizoram,Champhai,23.6317319,93.3493185
L00433,Mizoram,Kolasib,24.1905469,92.7136595
L00434,Mizoram,Lawngtlai,22.3913377,92.7397189
L00435,Mizoram,Lunglei,22.9519972,92.6336207
L00436,Mizoram,Mamit,23.7564387,92.4515374
L00437,Mizoram,Saiha,22.2876724,93.01336
L00438,Mizoram,Serchhip,23.3052514,92.8455124
L00439,Nagaland,Dimapur,25.9041378,93.7177609
L00440,Nagaland,Kiphire,25.8117088,94.8474036
L00441,Nagaland,Kohima,25.6618755,94.1019156
L00442,Nagaland,Longleng,26.5839315,94.8045481
L00443,Nagaland,Mokokchung,26.4795861,94.5105275
L00444,Nagaland,Mon,26.666667,95.0
L00445,Nagaland,Peren,25.4499691,93.6001738
L00446,Nagaland,Phek,25.6700924,94.3843925
L00447,Nagaland,Tuensang,26.2342107,94.741553
L00448,Nagaland,Wokha,26.242251,94.1921153
L00449,Nagaland,Zunheboto,26.0123803,94.5123719
L00450,Odisha,Angul,21.102538,84.9536825
L00451,Odisha,Balangir,20.6095183,83.1673029
L00452,Odisha,Balasore,21.5006421,86.919884
L00453,Odisha,Bargarh,21.2319922,83.5652737
L00454,Odisha,Bhadrak,20.9854052,86.5934226
L00455,Odisha,Boudh,20.6407463,83.9969704
L00456,Odisha,Cuttack,20.4686,85.8792
L00457,Odisha,Deogarh,21.5370786,84.7301184
L00458,Odisha,Dhenkanal,20.8351494,85.6022305
L00459,Odisha,Gajapati,19.1966026,84.1930634
L00460,Odisha,Ganjam,19.6090068,84.7080633
L00461,Odisha,Jagatsinghapur,20.1801473,86.3414874
L00462,Odisha,Jajpur,20.8746788,86.1215393
L00463,Odisha,Jharsuguda,21.8019368,83.9713964
L00464,Odisha,Kalahandi,19.8265757,83.0408702
L00465,Odisha,Kandhamal,20.1306939,84.0790476
L00466,Odisha,Kendrapara,20.5475164,86.5296168
L00467,Odisha,Kendujhar (Keonjhar),21.6376203,85.6088638
L00468,Odisha,Khordha,20.0538149,85.5023308
L00469,Odisha,Koraput,18.7232023,82.6100596
L00470,Odisha,Malkangiri,18.2744685,81.9520316
L00471,Odisha,Mayurbhanj,21.9156338,86.3961824
L00472,Odisha,Nabarangpur,19.2392083,82.5475064
L00473,Odisha,Nayagarh,20.2393682,85.050728
L00474,Odisha,Nuapada,20.5412657,82.5292352
L00475,Odisha,Puri,19.8076083,85.8252538
L00476,Odisha,Rayagada,19.4426698,83.5873053
L00477,Odisha,Sambalpur,21.5570606,84.1528515
L00478,Odisha,Sonepur,20.8453864,83.909083
L00479,Odisha,Sundargarh,22.0605153,83.9359154
L00484,Punjab,Amritsar,31.6356659,74.8787496
L00485,Punjab,Barnala,30.3716802,75.5039887
L00486,Punjab,Bathinda,30.1794814,75.0471098
L00487,Punjab,Faridkot,30.6014507,74.7950176
L00488,Punjab,Fatehgarh Sahib,30.6634042,76.3803
L00489,Punjab,Fazilka,30.3198406,74.1217943
L00490,Punjab,Ferozepur,30.6839733,76.3594033
L00491,Punjab,Gurdaspur,31.9037264,75.2275587
L00492,Punjab,Hoshiarpur,31.6092942,75.8459754
L00493,Punjab,Jalandhar,31.2922312,75.5678878
L00494,Punjab,Kapurthala,31.3856476,75.3053304
L00495,Punjab,Ludhiana,30.9090157,75.851601
L00496,Punjab,Mansa,29.8764133,75.4889564
L00497,Punjab,Moga,30.7877554,75.159359
L00498,Punjab,Muktsar,30.4692,74.5182
L00500,Punjab,Pathankot,32.3021899,75.6589406
L00501,Punjab,Patiala,30.2092778,76.3397231
L00502,Punjab,Rupnagar,31.0917102,76.5289701
L00503,Punjab,Sahibzada Ajit Singh Nagar (Mohali),30.7178072,76.6985062
L00504,Punjab,Sangrur,30.135717,75.8533326
L00505,Punjab,Tarn Taran,31.3212453,74.8416687
L00506,Rajasthan,Ajmer,26.4691,74.639
L00507,Rajasthan,Alwar,27.4140049,76.6170387
L00508,Rajasthan,Banswara,23.4915047,74.3502172
L00509,Rajasthan,Baran,24.9208165,76.6821985
L00510,Rajasthan,Barmer,25.5814853,71.1924922
L00511,Rajasthan,Bharatpur,27.0246959,77.2920116
L00512,Rajasthan,Bhilwara,25.470994,74.6961316
L00513,Rajasthan,Bikaner,28.0159286,73.3171367
L00514,Rajasthan,Bundi,25.4367659,75.7361471
L00515,Rajasthan,Chittorgarh,24.7171578,74.4718129
L00516,Rajasthan,Churu,28.2047781,74.6912996
L00517,Rajasthan,Dausa,26.8048659,76.4437457
L00518,Rajasthan,Dholpur,26.7010642,77.896749
L00519,Rajasthan,Dungarpur,23.8538893,73.7087177
L00520,Rajasthan,Hanumangarh,29.3659533,74.298429
L00521,Rajasthan,Jaipur,26.9154576,75.8189817
L00522,Rajasthan,Jaisalmer,27.0264162,70.777512
L00523,Rajasthan,Jalore,25.2093482,72.3178889
L00524,Rajasthan,Jhalawar,24.3132368,76.5221078
L00525,Rajasthan,Jhunjhunu,28.0798944,75.5424211
L00526,Rajasthan,Jodhpur,26.2967719,73.0351433
L00527,Rajasthan,Karauli,26.5158329,77.0565965
L00528,Rajasthan,Kota,25.1737019,75.8574194
L00529,Rajasthan,Nagaur,26.9873443,73.7389011
L00530,Rajasthan,Pali,25.4552211,73.419389
L00531,Rajasthan,Pratapgarh,24.0232221,74.6250275
L00532,Rajasthan,Rajsamand,25.2892459,73.8241077
L00533,Rajasthan,Sawai Madhopur,26.2290186,76.3043561
L00534,Rajasthan,Sikar,27.6624156,75.0279971
L00535,Rajasthan,Sirohi,24.8114047,72.8300257
L00536,Rajasthan,Sri Ganganagar,29.4605539,73.5850528
L00537,Rajasthan,Tonk,26.1223198,75.6632235
L00538,Rajasthan,Udaipur,24.578721,73.6862571
L00539,Sikkim,East Sikkim,27.5858069,88.1101127
L00540,Sikkim,North Sikkim,27.409089,88.6240143
L00541,Sikkim,South Sikkim,27.3297012,88.6116472
L00542,Sikkim,West Sikkim,27.1638205,88.2943341
L00543,Tamil Nadu,Ariyalur,11.1530559,79.2585797
L00544,Tamil Nadu,Chennai,13.0836939,80.270186
L00545,Tamil Nadu,Coimbatore,11.0018115,76.9628425
L00546,Tamil Nadu,Cuddalore,11.5202071,79.3396356
L00547,Tamil Nadu,Dharmapuri,12.1456131,78.1132217
L00548,Tamil Nadu,Dindigul,10.4257161,77.8154728
L00549,Tamil Nadu,Erode,11.4905282,77.3505274
L00550,Tamil Nadu,Kanchipuram,12.9647163,79.9839686
L00551,Tamil Nadu,Kanyakumari,8.079252,77.5499338
L00552,Tamil Nadu,Karur,10.8217671,78.3828654
L00553,Tamil Nadu,Krishnagiri,12.5152075,78.0093769
L00554,Tamil Nadu,Madurai,9.9261153,78.1140983
L00555,Tamil Nadu,Nagapattinam,10.6026203,79.7619348
L00556,Tamil Nadu,Namakkal,11.3033889,78.118604
L00557,Tamil Nadu,Nilgiris,11.4449997,76.69752
L00558,Tamil Nadu,Perambalur,11.2902641,78.9300404
L00559,Tamil Nadu,Pudukkottai,10.2903072,78.8173617
L00560,Tamil Nadu,Ramanathapuram,9.5205576,78.5184635
L00561,Tamil Nadu,Salem,11.6469616,78.2106958
L00562,Tamil Nadu,Sivaganga,9.8486881,78.4870461
L00563,Tamil Nadu,Thanjavur,10.659037,79.2014278
L00564,Tamil Nadu,Theni,9.8692558,77.4222974
L00565,Tamil Nadu,Thoothukudi (Tuticorin),8.8052602,78.1452745
L00566,Tamil Nadu,Tiruchirappalli,10.8071144,78.6880939
L00567,Tamil Nadu,Tirunelveli,8.5495014,77.5805178
L00568,Tamil Nadu,Tiruppur,10.7915267,77.5325466
L00569,Tamil Nadu,Tiruvallur,13.1394221,79.9070839
L00570,Tamil Nadu,Tiruvannamalai,12.4289282,78.99915
L00571,Tamil Nadu,Tiruvarur,10.9075755,79.4490857
L00572,Tamil Nadu,Vellore,12.9021849,79.061104
L00573,Tamil Nadu,Viluppuram,12.1166967,79.5989236
L00574,Tamil Nadu,Virudhunagar,9.4926289,77.8631831
L00575,Telangana,Adilabad,19.6759452,78.5339895
L00576,Telangana,Bhadradri Kothagudem,17.7166633,80.5712609
L00577,Telangana,Hyderabad,17.360589,78.4740613
L00578,Telangana,Jagtial,18.821359,78.9150663
L00579,Telangana,Jangaon,17.7465843,79.2407218
L00581,Telangana,Jogulamba Gadwal,16.0999202,77.7341584
L00582,Telangana,Kamareddy,18.316551,78.0539381
L00583,Telangana,Karimnagar,18.4348122,79.1328042
L00584,Telangana,Khammam,17.2465351,80.1500326
L00585,Telangana,Komaram Bheem Asifabad,19.3338189,79.4219793
L00586,Telangana,Mahabubabad,17.7138983,80.0413425
L00587,Telangana,Mahabubnagar,16.6965686,77.9591146
L00588,Telangana,Mancherial,18.9812967,79.5198096
L00589,Telangana,Medak,17.9375095,78.211745
L00590,Telangana,Medchal,17.6339929,78.4843146
L00591,Telangana,Nagarkurnool,16.4157626,78.6830433
L00592,Telangana,Nalgonda,17.0504406,79.2669235
L00593,Telangana,Nirmal,19.091521,78.396609
L00594,Telangana,Nizamabad,18.6731912,78.0978195
L00595,Telangana,Peddapalli,18.6206531,79.4950171
L00596,Telangana,Rajanna Sircilla,18.452116,78.7645584
L00597,Telangana,Rangareddy,16.9344152,77.7788338
L00598,Telangana,Sangareddy,17.8684342,77.8227189
L00599,Telangana,Siddipet,18.0055851,78.896113
L00600,Telangana,Suryapet,17.0800139,79.792533
L00601,Telangana,Vikarabad,17.2702855,77.745297
L00602,Telangana,Wanaparthy,16.2852944,77.9864473
L00603,Telangana,Warangal (Rural),17.98459,79.59942
L00604,Telangana,Warangal (Urban),18.0458479,79.6115471
L00605,Telangana,Yadadri Bhuvanagiri,17.4281967,79.090491
L00606,Tripura,Dhalai,23.8253158,91.9732227
L00607,Tripura,Gomati,23.4987407,91.2999111
L00608,Tripura,Khowai,23.9563913,91.642107
L00609,Tripura,North Tripura,24.0921476,92.2451214
L00610,Tripura,Sepahijala,23.6658005,91.3200275
L00611,Tripura,South Tripura,23.1708278,91.638817
L00612,Tripura,Unakoti,24.1909849,92.0460483
L00613,Tripura,West Tripura,23.9153329,91.3879341
L00614,Uttarakhand,Almora,29.702651,79.4326318
L00615,Uttarakhand,Bageshwar,30.0087902,79.9280183
L00616,Uttarakhand,Chamoli,30.4985956,79.6190537
L00617,Uttarakhand,Champawat,29.235032,80.1023068
L00618,Uttarakhand,Dehradun,30.3255646,78.0436813
L00619,Uttarakhand,Haridwar,29.9384473,78.1452985
L00620,Uttarakhand,Nainital,29.294995,79.4162511
L00621,Uttarakhand,Pauri Garhwal,29.8473168,78.7070479
L00622,Uttarakhand,Pithoragarh,29.585871,80.215167
L00623,Uttarakhand,Rudraprayag,30.4915835,79.0366067
L00624,Uttarakhand,Tehri Garhwal,30.4658181,78.4837349
L00625,Uttarakhand,Udham Singh Nagar,29.0478314,79.4326164
L00626,Uttarakhand,Uttarkashi,30.9635733,78.6362521
L00627,Uttar Pradesh,Agra,27.1752554,78.0098161
L00628,Uttar Pradesh,Aligarh,27.8761073,78.1358153
L00629,Uttar Pradesh,Allahabad,25.4381302,81.8338005
L00630,Uttar Pradesh,Ambedkar Nagar,26.4045941,82.6065154
L00633,Uttar Pradesh,Auraiya,26.6558215,79.5160757
L00634,Uttar Pradesh,Azamgarh,26.023639,83.0293105
L00635,Uttar Pradesh,Baghpat,29.0374779,77.3062737
L00636,Uttar Pradesh,Bahraich,27.7343823,81.47654
L00637,Uttar Pradesh,Ballia,25.8749595,84.1210329
L00638,Uttar Pradesh,Balrampur,27.4476988,82.3956245
L00639,Uttar Pradesh,Banda,25.4438537,80.5595237
L00640,Uttar Pradesh,Barabanki,26.9421406,81.3856087
L00641,Uttar Pradesh,Bareilly,28.4582345,79.4047452
L00642,Uttar Pradesh,Basti,26.8387083,82.5350919
L00643,Uttar Pradesh,Bhadohi,25.424304,82.4883923
L00644,Uttar Pradesh,Bijnor,29.4074203,78.4821406
L00645,Uttar Pradesh,Budaun,28.0367001,79.1234
L00646,Uttar Pradesh,Bulandshahr,28.3874073,77.9743805
L00647,Uttar Pradesh,Chandauli,25.125695,83.2494601
L00648,Uttar Pradesh,Chitrakoot,25.217139,81.1045927
L00649,Uttar Pradesh,Deoria,26.4239911,83.7638578
L00650,Uttar Pradesh,Etah,27.5550357,78.5992221
L00651,Uttar Pradesh,Etawah,26.7155629,79.0917098
L00652,Uttar Pradesh,Faizabad,26.7807986,82.1486589
L00653,Uttar Pradesh,Farrukhabad,27.4362003,79.4894778
L00654,Uttar Pradesh,Fatehpur,25.8348023,80.9154547
L00655,Uttar Pradesh,Firozabad,27.1941954,78.4604956
L00656,Uttar Pradesh,Gautam Buddha Nagar,28.368716,77.5970121
L00657,Uttar Pradesh,Ghaziabad,28.7749966,77.4586967
L00658,Uttar Pradesh,Ghazipur,25.6034863,83.5075888
L00659,Uttar Pradesh,Gonda,27.1103723,81.9238906
L00660,Uttar Pradesh,Gorakhpur,26.6677977,83.3642334
L00661,Uttar Pradesh,Hamirpur,25.75,80.0
L00663,Uttar Pradesh,Hardoi,27.3369978,80.0998232
L00664,Uttar Pradesh,Hathras,27.5724324,78.1116209
L00665,Uttar Pradesh,Jalaun,26.1048633,79.3919136
L00666,Uttar Pradesh,Jaunpur,25.7967065,82.4888992
L00667,Uttar Pradesh,Jhansi,25.529855,78.6527802
L00668,Uttar Pradesh,Kannauj,26.9986675,79.6927946
L00669,Uttar Pradesh,Kanpur Dehat,26.4585639,79.8548052
L00670,Uttar Pradesh,Kanpur Nagar,26.4410107,80.2652803
L00672,Uttar Pradesh,Kaushambi,25.5342456,81.4493567
L00673,Uttar Pradesh,Kushinagar (Padrauna),26.9026725,83.9779499
L00674,Uttar Pradesh,Lakhimpur - Kheri,28.1834229,80.7131272
L00675,Uttar Pradesh,Lalitpur,24.6999688,78.51862
L00676,Uttar Pradesh,Lucknow,26.8381,80.9346001
L00677,Uttar Pradesh,Maharajganj,26.4710847,81.1807046
L00678,Uttar Pradesh,Mahoba,25.3615938,79.706011
L00679,Uttar Pradesh,Mainpuri,27.2093072,79.0625369
L00680,Uttar Pradesh,Mathura,27.4955539,77.6855554
L00681,Uttar Pradesh,Mau,26.0390905,83.4985846
L00682,Uttar Pradesh,Meerut,29.0018557,77.7679671
L00683,Uttar Pradesh,Mirzapur,24.9316896,82.6280163
L00684,Uttar Pradesh,Moradabad,28.8796553,78.8095335
L00685,Uttar Pradesh,Muzaffarnagar,29.4496979,77.7429333
L00686,Uttar Pradesh,Pilibhit,28.4947158,80.1076122
L00687,Uttar Pradesh,Pratapgarh,25.75,81.75
L00688,Uttar Pradesh,RaeBareli,26.2086769,81.2186298
L00689,Uttar Pradesh,Rampur,28.7934728,79.1845806
L00690,Uttar Pradesh,Saharanpur,29.9856799,77.5040646
L00692,Uttar Pradesh,Sant Kabir Nagar,26.755082,83.0398545
L00693,Uttar Pradesh,Shahjahanpur,27.9128583,79.7476254
L00695,Uttar Pradesh,Shravasti,27.5083429,82.0263569
L00696,Uttar Pradesh,Siddharth Nagar,27.2752892,83.0675485
L00697,Uttar Pradesh,Sitapur,27.5026748,80.8335139
L00698,Uttar Pradesh,Sonbhadra,24.4148159,83.0637517
L00699,Uttar Pradesh,Sultanpur,26.2604732,82.2380532
L00700,Uttar Pradesh,Unnao,26.5673264,80.6198193
L00701,Uttar Pradesh,Varanasi,25.3356491,83.0076292
L00702,West Bengal,Alipurduar,26.4851573,89.5246926
L00703,West Bengal,Bankura,23.132377,87.2081925
L00704,West Bengal,Birbhum,24.0621532,87.6982823
L00705,West Bengal,Burdwan (Bardhaman),23.2377409,87.8706659
L00706,West Bengal,Cooch Behar,26.2559197,89.4201143
L00708,West Bengal,Darjeeling,27.0377554,88.263176
L00709,West Bengal,Hooghly,22.9099402,88.0120825
L00710,West Bengal,Howrah,22.5736296,88.3251045
L00711,West Bengal,Jalpaiguri,26.6262805,88.7334485
L00712,West Bengal,Kalimpong,27.0702869,88.4723676
L00713,West Bengal,Kolkata,22.5726459,88.3638953
L00714,West Bengal,Malda,25.0057449,88.1398483
L00715,West Bengal,Murshidabad,24.1745993,88.2721335
L00716,West Bengal,Nadia,23.4847374,88.5567067
L00717,West Bengal,North 24 Parganas,22.6926815,88.6625795
L00718,West Bengal,Paschim Medinipur (West Medinipur),22.4188528,87.307174
L00719,West Bengal,Purba Medinipur (East Medinipur),22.2862349,87.9194091
L00720,West Bengal,Purulia,23.2020967,86.3228988
L00721,West Bengal,South 24 Parganas,22.1776733,88.5307853
